class,x,y
0,0.185982,0.159256
1,0.113945,0.467583
2,0.498939,0.928563